Segment,Count,Avg_Recency,Avg_Frequency,Avg_Monetary,Total_Revenue,Percent_Customers,Percent_Revenue
Champions,946,13.042491044162556,11.162790697674419,6079.030961945032,5750763.29,21.807284462886123,64.53260081853841
Loyal Customers,416,80.4055438701923,6.040865384615385,2761.0791826923078,1148608.94,9.58967266021208,12.889197221961213
Potential Loyalists,559,16.88751242297754,2.729874776386404,1077.5793381037568,602366.85,12.88612263715998,6.759502611586435
At Risk,293,149.78595231323473,2.8088737201365186,1282.68109556314,375825.561,6.7542646380820655,4.217353363785603
Others,429,83.27881701631702,1.219114219114219,704.8129137529138,302364.74,9.889349930843707,3.393007516402428
Promising,366,51.78900273224044,2.360655737704918,814.8403579234973,298231.571,8.437067773167358,3.346626865392784
Hibernating,704,202.28934165877524,1.5568181818181819,417.69048579545455,294054.102,16.228676809589672,3.299749098770466
Lost,455,229.15442307692308,1,228.75947252747252,104085.56,10.488704472106962,1.1680035424400208
New Customers,170,18.67813316993464,1.011764705882353,206.5134705882353,35107.29,3.9188566159520515,0.3939589611226487
